{
    "simset": {
        "@endDate": "14-12-2023"
    },
    "common": {
        "CO2dosing": {
            "@pureCO2cap": 100
        }
    },
    "comp1": {
        "heatingpipes": {
            "pipe1": {
                "@maxTemp": {
                    "15-09": {
                        "r-1": 60,
                        "r+1": 70,
                        "r+2": 70,
                        "r+3": 60
                    },
                    "15-10": {
                        "0": 80
                    }
                },
                "@minTemp": {
                    "15-09": {
                        "0": 0
                    },
                    "15-10": {
                        "r-1": 40,
                        "r+1": 50,
                        "s-2": 50,
                        "s": 40
                    }
                },
                "@radiationInfluence": "100 300"
            }
        },
        "screens": {
            "scr1": {
                "@enabled": true,
                "@material": "scr_Transparent",
                "@closeBelow": "5 255; 10 50; 15.0 5; 15.2 0",
                "@closeAbove": "1000 75",
                "@ToutMax": 9,
                "@lightPollutionPrevention": false
            },
            "scr2": {
                "@enabled": true,
                "@material": "scr_Blackout",
                "@closeBelow": "5 10",
                "@closeAbove": "1200 80",
                "@ToutMax": {
                    "01-09": 25,
                    "19-09": 18
                },
                "@lightPollutionPrevention": true
            }
        },
        "illumination": {
            "lmp1": {
                "@enabled": true,
                "@type": "lmp_LED27",
                "@intensity": {
                    "05-09": 151.28192987381777,
                    "19-09": 151.28192987381777,
                    "03-10": 246.84950972298964,
                    "17-10": 246.84950972298964,
                    "31-10": 200.63255031215476,
                    "14-11": 200.63255031215476
                },
                "@hoursLight": {
                    "05-09": 2.4388174309044848,
                    "19-09": 8.825449761077246,
                    "03-10": 10.12492373770187,
                    "17-10": 12.592932371430972,
                    "31-10": 15.424256020112658,
                    "14-11": 19.580756158922984
                },
                "@endTime": 20,
                "@maxIglob": {
                    "05-09": 163.38,
                    "19-09": 163.38,
                    "03-10": 163.38,
                    "17-10": 163.38,
                    "31-10": 163.38,
                    "14-11": 163.38
                },
                "@maxPARsum": 40
            }
        },
        "setpoints": {
            "temp": {
                "@heatingTemp": {
                    "05-09": {
                        "0": 13.98057979206836,
                        "r-2": 13.98057979206836,
                        "r": 16.562486679861813,
                        "13": 16.562486679861813,
                        "s": 16.562486679861813,
                        "s+2": 13.98057979206836,
                        "23": 13.98057979206836
                    },
                    "19-09": {
                        "0": 13.98057979206836,
                        "r-2": 13.98057979206836,
                        "r": 16.562486679861813,
                        "13": 16.562486679861813,
                        "s": 16.562486679861813,
                        "s+2": 13.98057979206836,
                        "23": 13.98057979206836
                    },
                    "03-10": {
                        "0": 13.98057979206836,
                        "r-2": 13.98057979206836,
                        "r": 16.562486679861813,
                        "13": 16.562486679861813,
                        "s": 16.562486679861813,
                        "s+2": 13.98057979206836,
                        "23": 13.98057979206836
                    },
                    "17-10": {
                        "0": 13.98057979206836,
                        "r-2": 13.98057979206836,
                        "r": 14.652486679861802,
                        "13": 14.652486679861802,
                        "s": 14.652486679861802,
                        "s+2": 13.98057979206836,
                        "23": 13.98057979206836
                    },
                    "31-10": {
                        "0": 13.98057979206836,
                        "r-2": 13.98057979206836,
                        "r": 14.652486679861802,
                        "13": 14.652486679861802,
                        "s": 14.652486679861802,
                        "s+2": 13.98057979206836,
                        "23": 13.98057979206836
                    },
                    "14-11": {
                        "0": 13.98057979206836,
                        "r-2": 13.98057979206836,
                        "r": 14.652486679861802,
                        "13": 14.652486679861802,
                        "s": 14.652486679861802,
                        "s+2": 13.98057979206836,
                        "23": 13.98057979206836
                    }
                },
                "@radiationInfluence": "100 400 2",
                "@ventOffset": {
                    "05-09": {
                        "0": 4,
                        "r-2": 4,
                        "r+2": 4,
                        "13": 4,
                        "s-2": 4,
                        "s+2": 4,
                        "23": 4
                    },
                    "19-09": {
                        "0": 4,
                        "r-2": 4,
                        "r+2": 4,
                        "13": 4,
                        "s-2": 4,
                        "s+2": 4,
                        "23": 4
                    },
                    "03-10": {
                        "0": 4,
                        "r-2": 4,
                        "r+2": 4,
                        "13": 4,
                        "s-2": 4,
                        "s+2": 4,
                        "23": 4
                    },
                    "17-10": {
                        "0": 4,
                        "r-2": 4,
                        "r+2": 4,
                        "13": 4,
                        "s-2": 4,
                        "s+2": 4,
                        "23": 4
                    },
                    "31-10": {
                        "0": 4,
                        "r-2": 4,
                        "r+2": 4,
                        "13": 4,
                        "s-2": 4,
                        "s+2": 4,
                        "23": 4
                    },
                    "14-11": {
                        "0": 4,
                        "r-2": 4,
                        "r+2": 4,
                        "13": 4,
                        "s-2": 4,
                        "s+2": 4,
                        "23": 4
                    }
                },
                "@PbandVent": "6 18;20 4"
            },
            "CO2": {
                "@setpoint": {
                    "01-01": {
                        "r+0.5": 400,
                        "r+1": 800,
                        "s-1.5": 800,
                        "s": 400
                    }
                },
                "@setpIfLamps": {
                    "15-09": "500",
                    "25-09": "700"
                },
                "@doseCapacity": {
                    "01-09": "100",
                    "01-10": "20 100; 40 50; 70 25"
                }
            },
            "ventilation": {
                "@winLeeMin": {
                    "01-01": {
                        "00:00": 0
                    }
                },